document_key	source_origin	source_locator	source_sha256	source_bytes	normalized_markdown_path	normalized_markdown_sha256	pages	visual_assets	structured_tables	content_elements	sections	vendor	family	category	layout	review_role	text_semantic_records	text_intent_records
102196_0100_01_2022_05_05_aarch64_external_debug_guide	external_input	102196_0100_01_2022-05-05_AArch64_External_Debug_Guide.pdf	303504a884d0aa11802920259eb674ee23619b96eaf5fd0c3fc3e1789db38379	798443	generated/source_ir/102196_0100_01_2022_05_05_aarch64_external_debug_guide/normalized/102196_0100_01_2022_05_05_aarch64_external_debug_guide.md	4623c936ef6d53d31d0663533e27a5035a11950b838d8fe11badc79b8ee05022	25	11	2	266	36	arm	coresight	methodology-guide	compact	prospective_holdout	18	20
102520_0101_01_2025_09_15_introducing_coresight_debug_and_trace	external_input	102520_0101_01_2025-09-15_Introducing_CoreSight_Debug_and_Trace.pdf	08a37c3535e2c62b98cc5feb10c23f153972fe204a839daba292ca35349df162	842031	generated/source_ir/102520_0101_01_2025_09_15_introducing_coresight_debug_and_trace/normalized/102520_0101_01_2025_09_15_introducing_coresight_debug_and_trace.md	4a92f0c207d20aece6d182f778775df905c0c07a2aab44c351cde7f4c3fec41d	32	25	4	250	42	arm	coresight	methodology-guide	compact	prospective_holdout	19	27
109242_0100_01_2023_09_04_arm_smmu_software_guide	external_input	109242_0100_01_2023-09-04_Arm_SMMU_Software_Guide.pdf	21cd873e75f01fb186691a10cf09b028a586f3ec002ada227a4fe3b1ef5a7f14	878792	generated/source_ir/109242_0100_01_2023_09_04_arm_smmu_software_guide/normalized/109242_0100_01_2023_09_04_arm_smmu_software_guide.md	647c16b30a205180f5d7eacc96eabf504327ac63e738f64dd1f0305277822d9a	52	29	3	600	87	arm	smmu	platform-system-ip	medium	prospective_holdout	89	123
198123_0302_03_2025_04_22_generic_interrupt_controller_overview_guide	external_input	198123_0302_03_2025-04-22_Generic_Interrupt_Controller_Overview_Guide.pdf	5358701e080664f2db98fb9d066a0c90a4deb2ba34ca35c81597332534707e97	1571128	generated/source_ir/198123_0302_03_2025_04_22_generic_interrupt_controller_overview_guide/normalized/198123_0302_03_2025_04_22_generic_interrupt_controller_overview_guide.md	835d665be0d9318990d42d4e5a46af7f56e1643a07fedf097115794940661c0b	45	44	13	430	58	arm	gic	methodology-guide	medium	reviewed_calibration	67	98
den0068_2018_07_23_coresight_base_system_architecture	external_input	DEN0068_2018-07-23_CoreSight_Base_System_Architecture.pdf	c4a5f342afbae7ef5229f5f8344dbd63ec6b5473cd319830dd148d9dc732a66d	165891	generated/source_ir/den0068_2018_07_23_coresight_base_system_architecture/normalized/den0068_2018_07_23_coresight_base_system_architecture.md	72bddbd5548a8eb067f9f205423df0905466f4a36045b4489eb65cd4142f70d1	29	19	12	404	55	arm	coresight	platform-system-ip	compact	reviewed_calibration	132	223
ihi0074_a_2017_03_09_arm_debug_interface_v6_architecture_specification	repository_owned	corpus/arm/debug/interfaces/adi/current/IHI0074_A_2017-03-09_Arm_Debug_Interface_v6_Architecture_Specification.pdf	0e370b75bf96d0e2625ba71474bec8ae8718b21d687f8e0424dcfe3740969c01	2925300	generated/source_ir/ihi0074_a_2017_03_09_arm_debug_interface_v6_architecture_specification/normalized/ihi0074_a_2017_03_09_arm_debug_interface_v6_architecture_specification.md	ae15d08dd5ee9f4b20220751eba9106805341d4fa6e832492faba1f5d2cc5511	400	386	210	6784	1321	arm	adi	cpu-isa	long	reviewed_calibration	852	1358
opencapi_25gbps_phy_mechanical_spec_v10	external_input	OpenCAPI-25Gbps_PHY_mechanical_spec_v10.pdf	0621543ade2c1f6369186a7f4de1cb1262e3097ca0e5f796bfc496c260ec7bf3	4494801	generated/source_ir/opencapi_25gbps_phy_mechanical_spec_v10/normalized/opencapi_25gbps_phy_mechanical_spec_v10.md	8ae4c140d2e69fb660d14bb29fbd6d90182e1e8135582a31254c9181d4a23da9	34	32	11	760	61	opencapi	opencapi-phy	physical-link	medium	prospective_holdout	41	56
opencapi_25gbps_phy_signaling_spec_1_0	external_input	OpenCAPI-25Gbps_PHY_Signaling_Spec_1.0.pdf	0e0c8afc1d89189f610dd8340ebb2206270958faa247c6b345c64ee5c8dece12	748724	generated/source_ir/opencapi_25gbps_phy_signaling_spec_1_0/normalized/opencapi_25gbps_phy_signaling_spec_1_0.md	7c2735a2ccc79a65f1379f34ebf9fe36d3be9a41c66c5390f74abdd74ecc750b	30	26	19	224	59	opencapi	opencapi-phy	physical-link	compact	reviewed_calibration	26	37
opencapi_3_0_certified_definition_v1_1	external_input	OpenCAPI-3.0-Certified_Definition_v1.1.pdf	3e7685205b51c3fde858ee6685ef36fe29254500ced1d28bbba7360f66639516	234448	generated/source_ir/opencapi_3_0_certified_definition_v1_1/normalized/opencapi_3_0_certified_definition_v1_1.md	86f88345df349e8a84685690c13487d66b4a9710ec54b0f96083786dbf05b0e1	15	8	5	151	31	opencapi	opencapi-conformance	methodology-guide	compact	prospective_holdout	12	16
opencapi_3_0_certified_test_resources_engineering_note_v1_0	external_input	OpenCAPI-3.0-Certified_Test_Resources_Engineering_Note_v1.0.pdf	b427a3029c46be2d6fa0e4d965d6bec2360c1d7a24ebdf387a1078c0af422902	185876	generated/source_ir/opencapi_3_0_certified_test_resources_engineering_note_v1_0/normalized/opencapi_3_0_certified_test_resources_engineering_note_v1_0.md	383aa17c371d0f9b2e25109d7c89475cc0e281678c6b60fc64fa9d5be92c9744	13	3	2	173	25	opencapi	opencapi-conformance	methodology-guide	compact	prospective_holdout	6	6
opencapi_3_0_ready_definition_v1_1	external_input	OpenCAPI-3.0-Ready_Definition_v1.1.pdf	cf553953859c1e737622c1836711cad310e8455c5ab11ef11457c1a1e7de80c0	249595	generated/source_ir/opencapi_3_0_ready_definition_v1_1/normalized/opencapi_3_0_ready_definition_v1_1.md	e04f2855c800dd4aaf8bbb312ca3788ec25db602198a41c715317face3ca0944	15	6	3	169	30	opencapi	opencapi-conformance	methodology-guide	compact	prospective_holdout	49	66
opencapi_3_0_ready_test_resources_engineering_note_v1_0	external_input	OpenCAPI-3.0-Ready_Test_Resources_Engineering_Note_v1.0.pdf	7df9af5f1cdebf1a5e21bfc3a994e2024224f4e004cb656d3d0695f1e0240365	181819	generated/source_ir/opencapi_3_0_ready_test_resources_engineering_note_v1_0/normalized/opencapi_3_0_ready_test_resources_engineering_note_v1_0.md	094b3f83d96bab7d419718501b3c8902b8ef513478a524a6c4e0364afad57b31	10	6	5	105	23	opencapi	opencapi-conformance	methodology-guide	compact	prospective_holdout	11	12
opencapi_4_0_32g_phy_signal_spec_1_0_16nov2020	external_input	OpenCAPI-4.0-32G_PHY_Signal_Spec_1.0_16NOV2020.pdf	d3eb19fc39dd5d1a3925e381bdc9c2f22683d2485d26a447c7ccdeb0080e38be	855025	generated/source_ir/opencapi_4_0_32g_phy_signal_spec_1_0_16nov2020/normalized/opencapi_4_0_32g_phy_signal_spec_1_0_16nov2020.md	d00a649b3a0d9203f30447ea15503c364709123fbcb632223cf308baec1611f6	43	39	27	318	73	opencapi	opencapi-phy	physical-link	medium	reviewed_calibration	66	96
opencapi_4_0_32gbps_phy_mech_spec_v10_17mar2021	external_input	OpenCAPI-4.0-32Gbps-PHY-Mech-Spec_v10_17MAR2021.pdf	d15f07bb884748bd452f17ddac42bfabad0483ab24fbd92d47eb5d1b85861f67	765080	generated/source_ir/opencapi_4_0_32gbps_phy_mech_spec_v10_17mar2021/normalized/opencapi_4_0_32gbps_phy_mech_spec_v10_17mar2021.md	6228dc9bbe4897b7d0707dcbed2e17d7d18765a6cf5be6a1557c730b22345040	23	19	8	212	45	opencapi	opencapi-phy	physical-link	compact	prospective_holdout	37	52
opencapi_afu_address_space_usage	external_input	OpenCAPI-AFU-Address-Space-Usage.pdf	0ae0c01c8087169d1b782a61906fb2518a63c197011e5988b4c196e910c6fbe3	302124	generated/source_ir/opencapi_afu_address_space_usage/normalized/opencapi_afu_address_space_usage.md	d73e4656b31e7f11274e08757ddf5b5a596cb463f00c698b3fa4193a639d75af	14	9	2	118	23	opencapi	opencapi-afu	platform-system-ip	compact	prospective_holdout	0	0
opencapi_data_link_layer_v20_09jul2020	external_input	OpenCAPI-Data-Link-Layer_v20_09JUL2020.pdf	778ecc99a791716a6f793008b300732cbb79bcb683ae797789cb61d2dd875ec7	468716	generated/source_ir/opencapi_data_link_layer_v20_09jul2020/normalized/opencapi_data_link_layer_v20_09jul2020.md	51ab099405a395707a5cb7c15721da948dab9abf361469841171a7c8725c601d	57	64	53	527	111	opencapi	opencapi-data-link	wire-protocol	medium	prospective_holdout	111	167
opencapi_discovery_configuration_v201	external_input	OpenCAPI_Discovery_Configuration_v201.pdf	bc767d6eb354f9664459fdaa4c36e945cc1c68baece1b4b381f4dbef7dcfe103	403646	generated/source_ir/opencapi_discovery_configuration_v201/normalized/opencapi_discovery_configuration_v201.md	aca179f8b96bef5b7428d5b521d2052b56ddc796f7e796137e6cae5abc6afe31	40	54	49	172	50	opencapi	opencapi-discovery	platform-system-ip	medium	prospective_holdout	73	111
pjdoc_466751330_7215_10_0_cortex_a76_software_optimization_guide	external_input	PJDOC-466751330-7215_10.0_Cortex_A76_Software_Optimization_Guide.pdf	8358c5ae0d4b9fbc713b40dfec840d76e9ab3ce57cdf66badbdb41e0e60b3a22	637434	generated/source_ir/pjdoc_466751330_7215_10_0_cortex_a76_software_optimization_guide/normalized/pjdoc_466751330_7215_10_0_cortex_a76_software_optimization_guide.md	f14308bd8d5641119791fb523e2ab58daa466c5821cb3858caa47f87660f221c	46	71	68	249	68	arm	cortex-a76	methodology-guide	medium	reviewed_calibration	23	33
um10204_rev7_0_2021_i2c_bus_specification	repository_owned	corpus/nxp/i2c/current/UM10204_Rev7.0_2021_I2C-bus_Specification.pdf	dc91f00f65584e06ef36e26c93bf9d91a95fb3c8a1830a9223e53caf678b36af	750958	generated/source_ir/um10204_rev7_0_2021_i2c_bus_specification/normalized/um10204_rev7_0_2021_i2c_bus_specification.md	7489b4084ca561691b916125b3dbaa6a956be5e22a4591ea8b7af5fae9e0c978	62	126	23	693	120	nxp	i2c	wire-protocol	medium	prospective_holdout	268	397
um11732_v3_2022_02_17_i2s_bus_specification	repository_owned	corpus/nxp/i2s/current/UM11732_v3_2022-02-17_I2S_Bus_Specification.pdf	905d20f3cd7c38f8118a5fab0aa7f7a65d0fb8608681af6d8b6156842e603f53	204649	generated/source_ir/um11732_v3_2022_02_17_i2s_bus_specification/normalized/um11732_v3_2022_02_17_i2s_bus_specification.md	250339a784e657ac2c87a9762dfddbffc6a4bd42ed27da7e666c2f2db419753f	14	27	7	115	24	nxp	i2s	wire-protocol	compact	reviewed_calibration	29	36
usb4_connection_manager_guide_v2_0_2025_11	external_input	USB4_Connection_Manager_Guide_v2.0_2025-11.pdf	09f4441915eaeb421ed5314156534d61a350f8a5b8eb8a9c63f65b7fbd251d42	2148027	generated/source_ir/usb4_connection_manager_guide_v2_0_2025_11/normalized/usb4_connection_manager_guide_v2_0_2025_11.md	25ee77dd6d8ceeb2329809cf15f358ef24322207959afd0516a7933a82268ae4	96	46	23	1313	143	usb-if	usb4	methodology-guide	medium	prospective_holdout	293	392
usb4_inter_domain_service_specification_v2_0_2025_11	external_input	USB4_Inter-Domain_Service_Specification_v2.0_2025-11.pdf	ab337460641c1f012a78c63dcf8cf182bf90deb29a7a841726973be79dcd7396	1353018	generated/source_ir/usb4_inter_domain_service_specification_v2_0_2025_11/normalized/usb4_inter_domain_service_specification_v2_0_2025_11.md	3d0b8d740d0af5bff805566c2596d80b1005ab40707ee976e02f7ce8ff6978ac	51	82	49	603	110	usb-if	usb4	wire-protocol	medium	prospective_holdout	288	424
usb_3_2_revision_1_0_2017_09	external_input	USB_3.2_Revision_1.0_2017-09.pdf	69f8f269011e455ccfebe41d9a0a25dd4c80354492998a45ff31b5aff31ead0b	10505706	generated/source_ir/usb_3_2_revision_1_0_2017_09/normalized/usb_3_2_revision_1_0_2017_09.md	ebda0a560754399ad557703162ec6e0045c6a862207ec053c598c4233fd02d19	548	507	283	5830	918	usb-if	usb3	wire-protocol	long	prospective_holdout	3600	5478
wbspec_b4_wishbone_b4_specification	external_input	wbspec_b4_Wishbone_B4_Specification.pdf	d712d61fe7f363b671e6b821b7b0259f43ec0b4ce8f3b2072172b2878f347a5a	1178603	generated/source_ir/wbspec_b4_wishbone_b4_specification/normalized/wbspec_b4_wishbone_b4_specification.md	a11f8b76cf3dfcd15a446bced09ba6b8e735b4450c64ebe9d1bd1ec08fab24da	128	356	25	1622	386	opencores	wishbone	wire-protocol	long	prospective_holdout	203	315
